Year,Literacy Rate(%),Population ,Population growth rate (%),Migrant Population (Estimated),Net Migration Rate,Growth Rate,Inflation Rate (%),Annual Change (%),GNI (Billion USD),Growth Rate (%),GNP (Billion USD),Growth Rate (%),Bangladesh Economic Growth GDP (Billion USD),GDP,GDP Per Capita,Growth Rate (%),Export ,Export Growth(%GDP),Import ,Import Growth(%GDP),Billions of US $,% of GDP,Poverty Rate (National),Rural Poverty Rate,Urban Poverty Rate,Number of Private Vehichles,Death Rate,Death Growth Rate,Birth Rate,Growth Rate,Infant Mortality Rate,Growth Rate,Unemployment Rate (%),Annual Change (%),Youth Unemployment Rate,Annual Change,Labor Force Participation Rate,Annual Change,Life Expectancy (years),Life Expectancy Growth Rate (%),Urban Population,Urban Population % of Total,Urban Population Change (%),Rural Population,% of Total(rural),Change(rural),Crime Rate (Per 100K Population),Annual % Crime Rate Change, Murder/Homicide Rate,Annual % Change,Tree Cover Loss(hector),Tree cover loss due to fires ,Percentage of cover tree,Primary forest loss(hector),gross_emissions_co2e_all_gases(Megaton),Primary forest extent remaining(%),annual forestry,annual shifting agriculture,Annual tree cover loss,deforestation for urbanizations,commodity driven deforestation,Trade Balance (Billion USD),Annual Change (%),Carbon emissionKilotons of Co2,Carbon emissionMetric Tons Per Capita,Greenhouse gas emissions kt of CO2 equivalent        ,green house gas emissions Annual % Change,renewable energy % of Electricity from Renewables,Annual Change,Fossil Fuel consumption % of Total Energy Use,Annual Change,Coal consumption % of Electricity from Coal,Annual Change,Migrant Population (Estimated),Net Migration Rate,Growth Rate,Refugees Granted Asylum,Annual % Change,Population Density,Growth Rate,Life Expectancy,Growth Rate,Fertility Rate,Growth Rate,Trade Balance in Billions of US $,% of GDP,Trade to GDP ratio (% of GDP),Annual Change, Foreign Direct Investment,% of GDP,Tariff Rates,Annual change,Tourism spending,tourism exports,Healthcare Spending  Per Capita (US$),% of GDP,Maternal Mortality Rate Per 100K Live Births,Annual % Change,Smoking Rate (Ages 15+),Hunger Statistics % of Population,Annual Change,Clean Water Access % of Population,Annual Change,Electricity Access % of Population,Annual Change,Military Spending/Defense Budget,% of GDP,Military Size ,"Annual % Change",Suicide Rate,Suicide Rate - Male,Suicide Rate - Female,Education Spending (% of GDP),Annual Change,Arable Land -Hectares,Per Capita,Percent
1980,26,"83,929,765",2.47%,"720,000",-2.569,-8.38%,0.82,-0.82,18.48,1.17,18.48,1.17,18.14,$18.14B,$216,0.82,$1.00B,5.49%,$3.24B,17.88%,$2.63B,14.49%,58.80%,60.70%,47.90%,,14.768,-2.43%,4312.90%,-1.14%,13281.00%,-2.09%,2.10%,0.001,,,,,52.48,0.87%,"12,464,409",14.85,10.50%,"71,465,356",85.15%,1.10%,,,,,,,,,,,,,,,,$-2.25B,-12.39%,,,,,,,32.15%,2.73%,,,"750,000",-2.569,-8.38%,145,-99.91%,567.18,2.47%,52.48,0.87%,636.90%,-2.00%,$-2.25B,-12.39%,23.38%,1.47%,$0.01B,0.05%,,,,,,,,,,,,,,,,$0.17B,0.86%,,,,,,5.26%,1.37%,"9,121,000",11.00%,70.07%
1981,27,"86,154,836",2.65%,"730,000",-2.333,-9.19%,7.23,6.41,21.5,9.28,21.5,9.28,20.25,$20.25B,$235,7.23,$1.04B,5.13%,$2.86B,14.12%,$2.83B,13.98%,56.60%,59.00%,44.50%,,14.399,-2.50%,4263.20%,-1.15%,12997.50%,-2.13%,2.20%,0.001,,,,,52.93,0.87%,"13,613,326",15.8,8.82%,"72,541,510",84.20%,1.49%,,,,,,,,,,,,,,,,$-1.82B,-8.99%,,,,,,,32.71%,0.57%,,,"764,000",-2.333,-9.19%,"40,260",27665.52%,582.22,2.65%,52.93,0.87%,623.80%,-2.06%,$-1.82B,-8.99%,19.25%,-4.13%,$0.01B,0.03%,,,,,,,,,,,,,,,,$0.17B,0.92%,,,,,,6.63%,1.37%,"9,109,000",11.00%,69.98%
1982,27.8,"88,555,336",2.79%,"740,000",-2.098,-10.07%,2.13,-5.1,20.91,2.11,20.91,2.11,18.53,$18.53B,$209,2.13,$0.94B,5.08%,$2.88B,15.53%,$2.58B,13.94%,54.30%,56.80%,42.30%,,14.031,-2.56%,4213.60%,-1.16%,12714.10%,-2.18%,2.30%,0.001,,,,,53.39,0.86%,"14,356,591",16.21,5.32%,"74,198,745",83.79%,2.26%,,,,,,,,,,,,,,,,$-1.94B,-10.46%,,,,,,,34.96%,2.25%,,,"778,000",-2.098,-10.07%,"245,154",508.93%,598.44,2.79%,53.39,0.86%,610.80%,-2.08%,$-1.94B,-10.46%,20.61%,1.36%,$0.01B,0.04%,,,,,,,,,,,,,,,,$0.18B,1.06%,,,,,,6.39%,-0.24%,"9,104,000",10.00%,69.94%
1983,28.2,"91,045,478",2.81%,"750,000",-1.863,-11.20%,3.88,1.75,19.63,5.17,19.63,5.17,17.61,$17.61B,$193,3.88,$0.99B,5.60%,$2.59B,14.71%,$2.65B,15.04%,52.40%,55.30%,39.80%,,13.662,-2.63%,4163.90%,-1.18%,12430.70%,-2.23%,2.40%,0.001,,,,,53.84,0.85%,"15,141,773",16.63,5.32%,"75,903,705",83.37%,2.27%,,,,,,,,,,,,,,,,$-1.60B,-9.11%,,,,,,,33.39%,-1.57%,,,"792,000",-1.863,-11.20%,"198,950",-18.85%,615.27,2.81%,53.84,0.85%,597.70%,-2.14%,$-1.60B,-9.11%,20.32%,-0.29%,$0.00B,0.00%,,,,,,,,,,,,,,,,$0.23B,1.27%,,,,,,6.47%,0.08%,"9,089,000",10.00%,69.82%
1984,28.8,"93,534,239",2.73%,"760,000",-1.581,-15.14%,4.8,0.92,19.39,4.6,19.39,4.6,18.92,$18.92B,$202,4.8,$0.64B,3.40%,$2.54B,13.42%,$2.95B,15.60%,51.60%,54.00%,39.10%,,13.213,-3.29%,4080.30%,-2.01%,12083.90%,-2.79%,2.50%,0.001,,,,,54.41,1.06%,"15,956,941",17.06,5.24%,"77,577,298",82.94%,2.18%,,,,,,,,,,,,,,,,$-1.90B,-10.02%,,,,,,,34.92%,1.53%,,,"806,000",-1.581,-15.14%,"116,227",-41.58%,632.09,2.73%,54.41,1.06%,577.80%,-3.33%,$-1.90B,-10.02%,16.81%,-3.51%,$-0.00B,0.00%,,,,,,,,,,,,,,,,$0.24B,1.18%,,,,,,8.09%,1.61%,"9,185,000",10.00%,70.56%
1985,29.5,"95,959,099",2.59%,"780,000",-1.299,-17.84%,3.34,-1.46,20.47,2.24,20.47,2.24,22.28,$22.28B,$232,3.34,$1.20B,5.38%,$2.86B,12.84%,$3.22B,14.46%,50.20%,53.00%,36.40%,,12.763,-3.41%,3996.70%,-2.05%,11737.10%,-2.87%,2.60%,0.001,,,,,54.98,1.05%,"16,789,004",17.5,5.08%,"79,170,095",82.50%,2.03%,,,,,,,,,,,,,,,,$-1.66B,-7.45%,,,,,,,37.33%,2.41%,,,"820,000",-1.299,-17.84%,"51,117",-56.02%,648.47,2.59%,54.98,1.05%,557.90%,-3.44%,$-1.66B,-7.45%,18.22%,1.41%,$-0.01B,-0.03%,,,,,,,,,,,,,,,,$0.22B,1.05%,"91,300",12.81,,,,8.39%,0.30%,"9,152,000",10.00%,70.31%
1986,30.1,"98,271,746",2.41%,"790,000",-1.016,-21.79%,4.17,0.83,23.03,4.49,23.03,4.49,21.77,$21.77B,$222,4.17,$1.13B,5.18%,$2.58B,11.84%,$3.10B,14.22%,49.00%,52.00%,35.10%,,12.314,-3.52%,3913.10%,-2.09%,11390.30%,-2.95%,2.40%,-0.20%,,,,,55.56,1.04%,"17,630,934",17.94,4.89%,"80,640,812",82.06%,1.84%,,,,,,,,,,,,,,,,$-1.45B,-6.65%,,,,,,,39.09%,1.76%,,,"834,000",-1.016,-21.79%,"30,690",-39.96%,664.1,2.41%,55.56,1.04%,538.10%,-3.55%,$-1.45B,-6.65%,17.02%,-1.20%,$0.00B,0.01%,,,,,,,,,,,,,,,,$0.25B,1.11%,,,,,,9.13%,0.74%,"9,161,000",9.00%,70.38%
1987,30.8,"100,490,256",2.26%,"800,000",-0.734,-27.76%,9.87%,-2.46%,26.55,420.00%,2655.00%,420.00%,24.3,$24.30B,$242,3.77,$1.21B,4.99%,$2.84B,11.70%,$3.27B,13.47%,47.80%,50.90%,34.20%,,11.864,-3.65%,3829.50%,-2.14%,11043.50%,-3.04%,2.30%,-0.10%,,,,,56.13,1.03%,"18,485,183",18.4,4.73%,"82,005,073",81.61%,1.68%,,,,,,,,,,,,,,,,$-1.63B,-6.71%,,,,,,,43.87%,4.79%,,,"848,000",-0.734,-27.76%,"21,603",-29.61%,679.09,2.26%,56.13,1.03%,518.20%,-3.70%,$-1.63B,-6.71%,16.69%,-0.33%,$0.00B,0.01%,,,,,,,,,,,,,,,,$0.29B,1.17%,,,,,,10.47%,1.34%,"9,235,000",9.00%,70.95%
1988,31.4,"102,688,833",2.19%,"810,000",-0.452,-38.42%,7.41%,-2.46%,28.69,235.00%,2869.00%,235.00%,26.58,$26.58B,$259,2.42,$1.44B,5.43%,$3.26B,12.25%,$3.57B,13.42%,46.50%,49.50%,33.30%,,11.415,-3.78%,3745.90%,-2.18%,10696.70%,-3.14%,2.50%,0.002,,,,,56.7,1.02%,"19,366,087",18.86,4.66%,"83,322,746",81.14%,1.59%,,,,,,,,,,,,,,,,$-1.81B,-6.82%,,,,,,,44.19%,0.31%,,,"862,000",-0.452,-38.42%,"22,275",3.11%,693.95,2.19%,56.7,1.02%,498.30%,-3.84%,$-1.81B,-6.82%,17.68%,0.99%,$0.00B,0.01%,,,,,,,,,,,,,,,,$0.33B,1.25%,,,,,,11.19%,0.72%,"9,537,000",9.00%,73.27%
1989,32,"104,893,674",2.15%,"830,000",-0.66,46.02%,6.05%,-1.37%,30.26,275.00%,3026.00%,275.00%,28.78,$28.78B,$274,2.84,$1.59B,5.54%,$3.68B,12.79%,$3.71B,12.91%,45.20%,48.30%,31.90%,,11.001,-3.63%,3653.00%,-2.48%,10322.50%,-3.50%,2.30%,-0.20%,,,,,57.34,1.13%,"20,275,947",19.33,4.59%,"84,617,727",80.67%,1.54%,,,,,,,,,,,,,,,,$-2.09B,-7.24%,,,,,,,45.07%,0.89%,,,"876,000",-0.66,46.02%,"22,209",-0.30%,708.85,2.15%,57.34,1.13%,479.90%,-3.69%,$-2.09B,-7.24%,18.33%,0.65%,$0.00B,0.00%,88.43%,-11.24%,,,,,,,,,,,,,,$0.38B,1.29%,"103,000.00",12.81%,,,,11.06%,-0.13%,"9,553,000",9.00%,73.39%
1990,32.6,"107,147,651",2.15%,"850,000",-0.868,31.52%,6.13%,0.08%,32.62,542.00%,3262.00%,542.00%,31.6,$31.60B,$295,5.62,$1.87B,5.91%,$4.13B,13.06%,$4.18B,13.24%,44.00%,47.10%,30.80%,,10.586,-3.77%,3560.10%,-2.54%,9948.20%,-3.63%,2.20%,-0.10%,,,,,57.98,1.12%,"21,227,021",19.81,4.58%,"85,920,630",80.19%,1.53%,,,,,,,,,,,,,,,,$-2.26B,-7.15%,"11,523.73",0.11,"91,841.26",0.22%,11.43%,-1.30%,45.52%,0.45%,,,"880,000",-0.868,31.52%,"21,623",-2.64%,724.08,2.15%,57.98,1.12%,461.40%,-3.85%,$-2.26B,-7.15%,18.97%,0.64%,$0.00B,0.01%,77.19%,-11.24%,,,,,,,,,,,,,,$0.37B,1.22%,"103,000.00",0.00%,,,,12.54%,1.47%,"9,456,000",9.00%,72.64%
1991,33.3,"109,242,834",1.96%,"870,000",-1.075,23.85%,6.36%,0.23%,33.71,351.00%,3371.00%,351.00%,30.96,$30.96B,$283,3.49,$2.06B,6.66%,$3.79B,12.23%,$4.33B,13.99%,42.30%,45.30%,29.20%,,10.172,-3.91%,3467.20%,-2.61%,9574.00%,-3.76%,2.20%,0.05%,5.62%,0.15%,49.54%,-0.08%,58.62,1.10%,"22,129,321",20.26,4.16%,"87,113,513",79.74%,1.38%,,,,,,,,,,,,,,,,$-1.72B,-5.56%,"10,830.76",0.1,"92,040.68",0.22%,10.13%,-1.30%,44.67%,-0.85%,,,"895,000",-1.075,23.85%,"22,169",2.53%,738.24,1.96%,58.62,1.10%,443.00%,-3.99%,$-1.72B,-5.56%,18.89%,-0.08%,$0.00B,0.00%,22.14%,-55.05%,,,,,,,,,,,,14.29%,-4.38%,$0.38B,1.21%,"107,000.00",3.88%,,,,12.11%,-0.42%,"9,385,000",9.00%,72.10%
1992,34,"111,272,102",1.86%,"890,000",-1.283,19.35%,3.63%,-2.72%,35.34,572.00%,3534.00%,572.00%,31.71,$31.71B,$285,5.44,$2.41B,7.59%,$3.92B,12.35%,$4.57B,14.40%,41.20%,44.20%,28.50%,,9.757,-4.08%,3374.30%,-2.68%,9199.70%,-3.91%,2.25%,0.05%,5.76%,0.15%,49.46%,-0.08%,59.26,1.09%,"22,933,180",20.61,3.57%,"88,338,922",79.39%,1.40%,,,,,,,,,,,,,,,,$-1.51B,-4.76%,"11,823.48",0.11,"94,104.60",2.24%,8.95%,-1.18%,46.73%,2.06%,,,"910,000",-1.283,19.35%,"22,024",-0.65%,751.96,1.86%,59.26,1.09%,424.50%,-4.18%,$-1.51B,-4.76%,19.93%,1.04%,$0.00B,0.01%,18.51%,-3.63%,,,,,,,,,,,,9.91%,-4.38%,$0.43B,1.36%,"107,000.00",0.00%,,,,15.20%,3.08%,"8,609,000",8.00%,66.14%
1993,34.7,"113,418,757",1.93%,"900,000",-1.491,16.21%,3.01%,-0.62%,35.84,498.00%,3584.00%,498.00%,33.17,$33.17B,$292,4.71,$2.99B,9.02%,$4.68B,14.10%,$5.11B,15.41%,40.00%,43.00%,27.00%,,9.343,-4.24%,3281.40%,-2.75%,8825.50%,-4.07%,2.32%,0.07%,5.93%,0.17%,49.42%,-0.04%,59.9,1.08%,"23,779,377",20.97,3.62%,"89,639,380",79.03%,1.46%,,,,,,,,,,,,,,,,$-1.69B,-5.09%,"12,568.40",0.11,"95,468.92",1.45%,6.60%,-2.35%,49.46%,2.73%,,,"925,000",-1.491,16.21%,"19,791",-10.14%,766.46,1.93%,59.9,1.08%,406.10%,-4.33%,$-1.69B,-5.09%,23.12%,3.19%,$0.01B,0.04%,18.10%,-0.41%,,,,,,,,,,,,12.72%,2.81%,$0.47B,1.43%,"107,000.00",0.00%,,,,18.13%,2.93%,"8,506,000",8.00%,65.35%
1994,35.3,"115,614,891",1.94%,"910,000",-1.43,-4.09%,5.31%,2.30%,36.6,436.00%,3660.00%,436.00%,33.77,$33.77B,$292,3.89,$3.04B,9.00%,$4.68B,13.86%,$5.36B,15.87%,39.40%,42.00%,26.50%,,8.959,-4.11%,3208.70%,-2.22%,8466.40%,-4.07%,2.38%,0.06%,6.09%,0.16%,49.42%,-0.01%,60.72,1.37%,"24,658,344",21.33,3.63%,"90,956,547",78.67%,1.46%,,,,,,,,,,,,,,,,$-1.64B,-4.86%,"13,543.45",0.12,"98,031.61",2.68%,8.66%,2.05%,50.25%,0.79%,,,"940,000",-1.43,-4.09%,"20,450",3.33%,781.3,1.94%,60.72,1.37%,393.50%,-3.10%,$-1.64B,-4.86%,22.87%,-0.26%,$0.01B,0.03%,17.88%,-0.22%,,,,,,,,,,,,17.80%,5.08%,$0.55B,1.53%,"113,000.00",5.61%,,,,20.49%,2.36%,"8,408,000",7.00%,64.59%
1995,36,"117,793,338",1.88%,"920,000",-1.369,-4.27%,10.30%,4.98%,39.24,500.00%,3924.00%,500.00%,37.94,$37.94B,$322,5.12,$4.12B,10.86%,$6.58B,17.34%,$6.03B,15.90%,38.30%,40.80%,25.30%,,8.575,-4.29%,3136.00%,-2.27%,8107.30%,-4.24%,2.45%,0.07%,6.25%,0.17%,49.43%,0.02%,61.54,1.35%,"25,552,909",21.69,3.56%,"92,240,429",78.31%,1.40%,,,,,,,,,,,,,,,,$-2.46B,-6.48%,"16,554.48",0.14,"103,119.03",5.19%,3.44%,-5.21%,54.41%,4.16%,,,"950,000",-1.369,-4.27%,"21,099",3.17%,796.02,1.88%,61.54,1.35%,380.90%,-3.20%,$-2.46B,-6.48%,28.21%,5.34%,$0.00B,0.01%,18.31%,0.43%,,,,,,,,,,,,18.34%,0.54%,$0.62B,1.57%,"170,500.00",50.88%,,,,18.58%,-1.91%,"8,404,000",7.00%,64.56%
1996,36.7,"119,876,868",1.77%,"930,000",-1.308,-4.46%,2.38%,-7.92%,43.24,401.00%,4324.00%,401.00%,46.44,$46.44B,$387,4.52,$4.51B,9.71%,$7.60B,16.37%,$6.50B,14.00%,37.00%,39.60%,24.40%,,8.19,-4.49%,3063.20%,-2.32%,7748.20%,-4.43%,2.51%,0.06%,6.43%,0.18%,49.17%,-0.26%,62.37,1.34%,"26,449,632",22.06,3.45%,"93,427,236",77.94%,1.28%,,,,,,,,,,,,,,,,$-3.09B,-6.66%,"16,825.30",0.14,"103,595.54",0.46%,6.44%,3.00%,56.08%,1.67%,,,"960,000",-1.308,-4.46%,"26,308",24.69%,810.1,1.77%,62.37,1.34%,368.40%,-3.28%,$-3.09B,-6.66%,26.08%,-2.13%,$0.01B,0.03%,19.06%,0.75%,,,,,,,,,,,,21.14%,2.81%,$0.64B,1.54%,"167,200.00",-1.94%,,,,15.69%,-2.89%,"8,357,000",7.00%,64.20%
1997,37.5,"122,039,226",1.80%,"940,000",-1.247,-4.66%,5.31%,2.93%,47.65,466.00%,4765.00%,466.00%,$48,$48.24B,$395,$4,$5.08B,10.52%,$7.63B,15.81%,$6.81B,14.12%,36.50%,38.90%,23.70%,,7.806,-4.69%,2990.50%,-2.37%,7389.10%,-4.63%,2.70%,0.19%,7.21%,0.78%,48.95%,-0.23%,63.19,1.32%,"27,383,162",22.44,3.47%,"94,656,064",77.56%,1.31%,,,,,,,,,,,,,,,,$-2.55B,-5.28%,"18,970.90",0.16,"105,881.33",2.21%,6.06%,-0.38%,56.57%,0.50%,,,"970,000",-1.247,-4.66%,"27,571",4.80%,824.72,1.80%,63.19,1.32%,355.80%,-3.42%,$-2.55B,-5.28%,26.33%,0.25%,$0.14B,0.29%,15.80%,-3.26%,,,,,,,,,,,,22.40%,1.26%,$0.68B,1.57%,"170,700.00",2.09%,,,,16.68%,0.99%,"8,390,000",7.00%,64.45%
1998,38.2,"124,350,471",1.89%,"950,000",-1.186,-4.89%,8.40%,3.10%,51.01,518.00%,5101.00%,518.00%,$50,$49.98B,$402,$5,$5.88B,11.76%,$8.06B,16.12%,$7.43B,14.86%,35.10%,37.80%,22.30%,,7.422,-4.92%,2917.80%,-2.43%,7030.00%,-4.86%,2.89%,0.19%,8.02%,0.80%,48.74%,-0.21%,64.01,1.30%,"28,374,290",22.82,3.56%,"95,976,181",77.18%,1.39%,,,,,,,,,,,,,,,,$-2.18B,-4.37%,"19,249.50",0.15,"105,905.40",0.02%,6.71%,0.65%,57.63%,1.06%,,,"980,000",-1.186,-4.89%,"28,384",2.95%,840.34,1.89%,64.01,1.30%,343.20%,-3.54%,$-2.18B,-4.37%,27.88%,1.55%,$0.19B,0.38%,22.70%,6.90%,,,,,,,,,,,,26.75%,4.35%,$0.70B,1.57%,"170,700.00",0.00%,,,,15.95%,-0.73%,"8,454,000",7.00%,64.95%
1999,39.1,"126,754,824",1.93%,"970,000",-1.397,17.79%,6.11%,-2.30%,52.91,487.00%,5291.00%,487.00%,$51,$51.27B,$404,$5,$6.03B,11.76%,$8.53B,16.63%,$7.38B,14.39%,34.00%,36.50%,21.20%,,7.247,-2.36%,2851.30%,-2.28%,6733.50%,-4.22%,3.08%,0.19%,8.84%,0.82%,48.52%,-0.22%,64.53,0.81%,"29,409,654",23.2,3.58%,"97,345,170",76.80%,1.42%,,,,,,,,,,,,,,,,$-2.50B,-4.87%,"20,105.50",0.16,"110,079.94",3.94%,5.76%,-0.95%,57.28%,-0.35%,,,"990,000",-1.397,17.79%,"228,587",705.34%,856.58,1.93%,64.53,0.81%,333.30%,-2.88%,$-2.50B,-4.87%,28.39%,0.51%,$0.18B,0.35%,21.62%,-1.08%,,,,,,,,,,,,29.54%,2.79%,$0.74B,1.58%,"192,200.00",12.60%,,,,17.34%,1.38%,"8,436,000",7.00%,64.81%
2000,51.3,"129,193,327",1.92,"980,000",-1.607,15.03%,2.21,-3.9,55.71,5.49,55.71,5.49,53.37,$53.37B,$413,5.29,$6.59B,12.34%,$9.06B,16.98,$7.49B,14.04%,32.50%,34.70%,20.00%,,7.073,-2.40%,2784.80%,-2.33%,6437.00%,-4.40%,3.27,0.19,9.67%,0.83%,48.29%,-0.23%,65.05,0.8,"30,476,706",23.59,3.56,"98,716,621",76.41%,1.40%,2.59,7.95%,2.59,7.95%,,,,,,,,,,,,$-2.47B,-4.63%,"20,686.70",0.16,"111,593.33",1.37%,4.75%,-1.02%,57.94%,0.67%,,,"1,000,000",-1.607,15.03%,"229,256",0.29%,873.06,1.92%,65.05,0.80%,323.40%,-2.97%,$-2.47B,-4.63%,29.32%,0.93%,$0.28B,0.53%,9.23%,-12.39%,,,$9,1.81%,44100.00%,-0.91%,57,,,,,32.00%,2.46%,$0.74B,1.36%,"137,000.00",-28.72%,600.00%,870.00%,3.30%,18.15%,0.82%,"8,350,000",6.00%,64.15%
2001,47.5,"131,670,484",1.92,"990,000",-1.818,13.13%,2.01,-0.2,57.01,4.86,57.01,4.86,53.99,$53.99B,$410,5.08,$7.23B,13.39%,$10.10B,18.71,$7.66B,14.18%,31.80%,33.60%,19.20%,,6.898,-2.47,27.182,-2.39%,6140.60%,-4.60%,3.61,0.34,8.80%,-0.87%,48.01%,-0.28%,65.56,0.8,"31,727,320",24.1,4.02,"99,943,164",75.90%,1.23%,2.79,7.95%,2.79,7.95%,4586.997203,119,0.24,384.7733492,219898.2637,,3313.917153,1026.325878,4340.24303,49.90146328,63.06880509,$-2.87B,-5.32%,"25,634.50",0.19,"117,270.56",5.09%,5.71%,0.96%,60.72%,2.78%,,,"1,040,000",-1.818,13.13%,"229,669",0.18%,889.8,1.92%,65.56,0.80%,313.40%,-3.09%,$-2.87B,-5.32%,32.10%,2.78%,$0.08B,0.15%,7.71%,-1.52%,,,$8,1.77%,43700.00%,-0.91%,55,15.60%,-0.80%,55.32%,0.01%,35.00%,3.00%,$0.71B,1.29%,"200,200.00",46.13%,570.00%,800.00%,3.20%,17.82%,-0.34%,"8,303,000",6.00%,63.79%
2002,48.3,"134,139,826",1.88,"1,010,000",-2.028,11.55%,3.33,1.33,57.89,4.77,57.89,4.77,54.72,$54.72B,$408,3.83,$6.79B,12.41%,$9.06B,16.56,$7.84B,14.32%,30.50%,32.30%,18.00%,,6.724,-2.52,26.517,-2.45%,5844.10%,-4.83%,3.97,0.35,7.78%,-1.03%,47.76%,-0.25%,66.08,0.79,"33,207,655",24.76,4.56,"100,932,171",75.24%,0.98%,2.61,-6.51%,2.61,-6.51%,3995.287574,50,0.21,619.4067065,359589.8763,99.4,2564.195554,1120.863684,3685.059238,65.3258319,65.65658634,$-2.27B,-4.15%,"27,284.20",0.2,"120,949.75",3.14%,4.01%,-1.70%,61.05%,0.32%,,,"1,080,000",-2.028,11.55%,"230,696",0.45%,906.49,1.88%,66.08,0.79%,303.50%,-3.16%,$-2.27B,-4.15%,28.97%,-3.13%,$0.05B,0.10%,10.71%,3.00%,"59,000,000.00",86.00%,$9,1.93%,41400.00%,-5.26%,53,14.80%,-0.80%,55.33%,0.01%,37.80%,2.80%,$0.68B,1.05%,"200,200.00",0.00%,530.00%,750.00%,3.10%,14.03%,-3.79%,"8,253,000",6.00%,63.40%
2003,49.2,"136,503,206",1.76,"1,030,000",-2.239,10.40%,5.67,2.34,62.2,4.75,62.2,4.75,60.16,$60.16B,$441,4.74,$6.88B,11.43%,$9.76B,16.23,$8.51B,14.15%,29.80%,31.50%,17.30%,,6.549,-2.6,25.852,-2.51%,5547.60%,-5.07%,4.32,0.35,6.61%,-1.17%,47.52%,-0.24%,66.6,0.78,"34,711,400",25.43,4.43,"101,791,806",74.57%,0.85%,2.54,-2.63%,2.54,-2.63%,2159.457158,44,0.11,266.9183376,153176.7073,99.1,1567.345799,479.7215556,2047.067355,25.90121662,44.63236716,$-2.88B,-4.80%,"28,629.80",0.21,"122,886.83",1.60%,3.80%,-0.21%,62.39%,1.35%,,,"1,120,000",-2.239,10.40%,"231,142",0.19%,922.46,1.76%,66.6,0.78%,293.60%,-3.26%,$-2.88B,-4.80%,27.66%,-1.31%,$0.27B,0.45%,9.94%,-0.77%,"59,000,000.00",74.00%,$10,1.96%,40400.00%,-2.42%,51,14.40%,-0.40%,55.30%,-0.02%,40.50%,2.70%,$0.72B,1.00%,"188,700.00",-5.74%,510.00%,710.00%,3.00%,16.79%,2.76%,"8,228,000",6.00%,63.21%
2004,50,"138,789,725",1.68,"1,050,000",-2.7,20.59%,7.59,1.92,69.52,5.63,69.52,5.63,65.11,$65.11B,$469,5.24,$7.26B,11.15%,$10.23B,15.71,$9.40B,14.44%,28.70%,30.40%,16.00%,,6.429,-1.83,25.164,-2.66%,5304.40%,-4.38%,4.29,-0.03,7.74%,1.13%,47.28%,-0.24%,67.05,0.67,"36,243,549",26.11,4.32,"102,546,176",73.89%,0.74%,2.81,10.56%,2.81,10.56%,4282.539726,74,0.22,347.5618805,182040.3493,98.7,3304.827038,734.4819486,4039.308987,81.32340155,47.13920394,$-2.97B,-4.57%,"30,527.50",0.22,"124,837.08",1.59%,3.03%,-0.77%,62.48%,0.09%,,,"1,160,000",-2.7,20.59%,"232,468",0.57%,937.91,1.68%,67.05,0.67%,284.50%,-3.10%,$-2.97B,-4.57%,26.86%,-0.80%,$0.45B,0.69%,9.63%,-0.31%,"76,000,000.00",83.00%,$11,2.00%,37200.00%,-7.92%,49,13.90%,-0.50%,55.28%,-0.02%,40.60%,0.10%,$0.77B,1.00%,"251,000.00",33.02%,490.00%,680.00%,2.80%,12.28%,-4.52%,"8,143,000",6.00%,62.56%
2005,51,"140,912,590",1.53,"1,150,000",-3.16,17.04%,7.05,-0.54,76.61,6.65,76.61,6.65,69.48,$69.48B,$493,6.54,$10.00B,14.39%,$13.90B,20,$10.24B,14.74%,27.50%,29.20%,14.70%,,6.309,-1.87,24.476,-2.73%,5061.20%,-4.58%,4.25,-0.04,8.81%,1.07%,47.02%,-0.25%,67.49,0.67,"37,777,256",26.81,4.14,"103,135,334",73.19%,0.57%,2.55,-9.33%,2.55,-9.33%,3293.032456,35,0.17,306.0067914,170466.8152,98.4,2591.10481,478.3362477,3069.441058,27.55761808,121.1242351,$-3.90B,-5.61%,"32,710.80",0.23,"129,652.46",3.86%,2.83%,-0.20%,63.34%,0.86%,0.62%,0.62%,"1,200,000",-3.16,17.04%,"231,954",-0.22%,952.26,1.53%,67.49,0.67%,275.40%,-3.20%,$-3.90B,-5.61%,34.40%,7.54%,$0.81B,1.17%,12.84%,3.21%,"82,000,000.00",78.00%,$12,2.06%,37600.00%,1.08%,50,13.70%,-0.20%,55.25%,-0.03%,44.20%,3.60%,$0.77B,0.97%,"252,000.00",0.40%,490.00%,690.00%,2.80%,11.81%,-0.47%,"7,911,000",6.00%,60.77%
2006,52,"142,628,831",1.22,"1,170,000",-3.621,14.59%,6.77,-0.28,80.9,8,80.9,8,71.8,$71.80B,$503,6.67,$11.74B,16.35%,$15.62B,21.76,$10.99B,15.31%,26.50%,28.10%,13.70%,,6.19,-1.89,23.787,-2.82%,4817.90%,-4.81%,3.59,-0.66,7.28%,-1.53%,46.62%,-0.41%,67.94,0.66,"39,247,175",27.52,3.82,"103,381,656",72.48%,0.24%,2.92,14.59%,2.92,14.59%,6862.821263,80,0.35,677.3153477,381986.2902,97.7,4748.575888,1814.263401,6562.839288,97.21634226,78.36527434,$-3.88B,-5.41%,"35,902.80",0.25,"135,192.71",4.27%,2.54%,-0.30%,65.33%,1.99%,0.93%,0.32%,"1,230,000",-3.621,14.59%,"276,203",19.08%,963.86,1.22%,67.94,0.66%,266.40%,-3.27%,$-3.88B,-5.41%,38.11%,3.72%,$0.46B,0.64%,12.09%,-0.75%,,,$12,2.11%,35300.00%,-6.12%,47,13.20%,-0.50%,55.22%,-0.03%,50.50%,6.30%,$0.83B,0.99%,"214,000.00",-15.08%,500.00%,700.00%,2.90%,13.31%,1.49%,"7,880,000",6.00%,60.54%
2007,53,"144,135,934",1.06,"1,190,000",-4.081,12.70%,9.11,2.34,86.33,7.83,86.33,7.83,79.61,$79.61B,$552,7.06,$13.53B,17.00%,$18.27B,22.95,$12.69B,15.93%,25.30%,26.90%,12.50%,,6.07,-1.94,23.099,-2.89%,4574.70%,-5.05%,4.05,0.45,8.11%,0.83%,45.74%,-0.88%,68.38,0.66,"40,699,664",28.24,3.63,"103,436,270",71.76%,0.05%,2.68,-8.24%,2.68,-8.24%,3995.102624,74,0.21,369.726854,209737.7741,97.3,3096.967959,683.7553507,3780.72331,68.00574596,5.880938837,$-4.74B,-5.95%,"37,992.30",0.26,"138,288.68",2.29%,2.42%,-0.12%,66.42%,1.09%,2.39%,1.46%,"1,260,000",-4.081,12.70%,"932,209",237.51%,974.04,1.06%,68.38,0.66%,257.30%,-3.42%,$-4.74B,-5.95%,39.94%,1.83%,$0.65B,0.82%,11.82%,-0.27%,,,$14,2.17%,37700.00%,6.80%,45,13.20%,0.00%,55.18%,-0.04%,46.50%,-4.00%,$0.95B,1.00%,"221,000.00",3.27%,490.00%,700.00%,2.80%,12.04%,-1.26%,"7,816,000",5.00%,60.04%
2008,54.1,"145,421,318",0.89,"1,210,000",-4.542,11.30%,8.9,-0.21,95.69,7.15,95.69,7.15,91.64,$91.64B,$630,6.01,$16.18B,17.66%,$22.87B,24.96,$14.78B,16.12%,24.30%,26.00%,11.60%,,5.95,-1.98,22.411,-2.98%,4331.50%,-5.32%,4.52,0.47,8.90%,0.79%,44.87%,-0.87%,68.83,0.65,"42,125,647",28.97,3.44,"103,295,671",71.03%,-0.14%,2.82,5.17%,2.82,5.17%,4480.089873,74,0.23,240.6481629,131004.1035,97.1,3584.206957,675.4814524,4259.688409,50.37577969,46.56622985,$-6.69B,-7.30%,"41,580.80",0.29,"146,770.98",6.13%,2.78%,0.36%,67.58%,1.16%,3.21%,0.82%,"1,290,000",-4.542,11.30%,"906,640",-2.74%,982.73,0.89%,68.83,0.65%,248.20%,-3.54%,$-6.69B,-7.30%,42.62%,2.68%,$1.33B,1.45%,10.72%,-1.10%,,,$16,2.12%,36800.00%,-2.39%,43,12.90%,-0.30%,55.15%,-0.04%,54.30%,7.80%,$1.03B,0.94%,"221,000.00",0.00%,470.00%,680.00%,2.60%,13.98%,1.94%,"7,803,000",5.00%,59.94%
2009,55.1,"146,706,810",0.88,"1,250,000",-4.241,-6.63%,5.42,-3.48,106.13,5.25,106.13,5.25,102.48,$102.48B,$699,5.05,$17.36B,16.94%,$23.73B,23.15,$16.89B,16.48%,23.50%,25.00%,10.80%,,5.881,-1.16,21.943,-2.09%,4128.30%,-4.69%,5,0.48,9.64%,0.74%,44.00%,-0.87%,69.22,0.57,"43,585,126",29.71,3.41,"103,121,684",70.29%,-0.17%,2.88,2.03%,2.88,2.03%,5624.91051,93,0.29,557.8428414,308162.019,96.5,4733.202992,641.5580702,5374.761062,104.7041581,78.50665536,$-6.37B,-6.21%,"44,750.00",0.31,"150,700.73",2.68%,1.12%,-1.65%,69.01%,1.43%,2.94%,-0.28%,"1,320,000",-4.241,-6.63%,"854,779",-5.72%,991.42,0.88%,69.22,0.57%,242.80%,-2.18%,$-6.37B,-6.21%,40.09%,-2.53%,$0.90B,0.88%,8.64%,-2.08%,"77,000,000.00",45.00%,$18,2.18%,33800.00%,-8.15%,42,14.40%,1.50%,55.10%,-0.04%,57.10%,2.80%,$1.26B,1.03%,"220,953.00",-0.02%,460.00%,650.00%,2.60%,13.86%,-0.13%,"7,796,000",5.00%,59.89%
2010,56.4,"148,391,139",1.15,"1,330,000",-3.94,-7.10%,8.13,2.7,118.31,5.78,118.31,5.78,115.28,$115.28B,$777,5.57,$18.47B,16.02%,$25.11B,21.78,$18.58B,16.12%,21.80%,23.50%,9.60%,,5.811,-1.19,21.474,-2.14%,3925.10%,-4.92%,3.38,-1.62,6.37%,-3.27%,43.13%,-0.87%,69.61,0.57,"45,202,909",30.46,3.64,"103,188,230",69.54%,0.06%,2.69,-6.55%,2.69,-6.55%,4667.802143,116,0.24,235.0726349,119262.5112,96.2,3868.727722,512.0580113,4380.785734,80.87181828,34.94066283,$-6.63B,-5.75%,"50,487.60",0.34,"158,531.77",5.20%,1.79%,0.67%,70.97%,1.96%,1.89%,-1.04%,"1,350,000",-3.94,-7.10%,"866,534",1.38%,1002.8,1.15%,69.61,0.57%,237.40%,-2.22%,$-6.63B,-5.75%,37.80%,-2.29%,$1.23B,1.07%,10.99%,2.35%,"103,000,000.00",48.00%,$21,2.29%,30100.00%,-10.95%,43,15.20%,0.80%,55.06%,-0.05%,55.30%,-1.80%,$1.62B,1.18%,"220,953.00",0.00%,440.00%,630.00%,2.40%,11.96%,-1.90%,"7,791,000",0.05%,59.85%
2011,58.76,"150,211,005",1.23,"1,350,000",-3.639,-7.64%,11.4,3.27,133.33,6.24,133.33,6.24,128.61,$128.61B,$856,6.46,$25.62B,19.92%,$35.37B,27.5,$20.57B,16.00%,20.50%,22.20%,8.50%,,5.742,-1.19,21.006,-2.18%,3721.80%,-5.18%,3.73,0.35,7.52%,1.16%,42.27%,-0.86%,70.01,0.56,"46,903,386",31.23,3.69,"103,307,619",68.78%,0.12%,2.64,-1.76%,2.64,-1.76%,4181.292614,58,0.22,262.8746706,141338.4036,96,3286.432968,530.8012614,3817.234229,85.52605579,80.28781442,$-9.74B,-7.58%,"54,309.90",0.36,"164,267.97",3.62%,1.98%,0.19%,71.65%,0.68%,1.87%,-0.02%,"1,365,000",-3.639,-7.64%,"918,907",6.04%,1015.1,1.23%,70.01,0.56%,232.00%,-2.27%,$-9.74B,-7.58%,47.42%,9.62%,$1.26B,0.98%,10.95%,-0.04%,"97,000,000.00",36.00%,$23,2.36%,30100.00%,0.00%,41,16.10%,0.90%,55.01%,-0.05%,59.60%,4.30%,$1.80B,1.22%,"220,950.00",0.00%,400.00%,560.00%,2.20%,11.33%,-0.63%,"7,678,000",0.05%,58.98%
2012,57.86,"152,090,649",1.25,"1,370,000",-3.338,-8.27%,6.22,-5.18,146.83,6.98,146.83,6.98,133.31,$133.31B,$877,6.52,$26.88B,20.16%,$37.26B,27.95,$21.22B,15.91%,19.30%,21.00%,7.30%,,5.672,-1.22,20.537,-2.23%,3518.60%,-5.46%,4.08,0.35,8.68%,1.16%,41.41%,-0.86%,70.4,0.56,"48,658,361",31.99,3.67,"103,432,288",68.01%,0.12%,2.71,2.45%,2.71,2.45%,5359.457806,43,0.28,326.5608554,187473.8715,95.6,4631.359754,482.1506526,5113.510406,73.03070005,98.79989296,$-10.38B,-7.79%,"58,985.20",0.39,"169,101.16",2.94%,1.60%,-0.38%,72.68%,1.04%,1.93%,0.05%,"1,380,000",-3.338,-8.27%,"952,384",3.64%,1027.8,1.25%,70.4,0.56%,226.60%,-2.33%,$-10.38B,-7.79%,48.11%,0.69%,$1.58B,1.19%,,,"105,000,000.00",38.00%,$24,2.35%,23700.00%,-21.26%,39,15.80%,-0.30%,54.96%,-0.05%,65.50%,5.90%,$1.82B,1.18%,"220,950.00",0.00%,370.00%,510.00%,2.20%,10.39%,-0.94%,"7,670,000",0.05%,58.92%
2013,61.02,"154,030,139",1.28,"1,390,000",-3.037,-9.02%,7.53,1.31,158.81,5.6,158.81,5.6,150,$150.00B,$974,6.01,$29.31B,19.54%,$40.14B,26.76,$24.66B,16.44%,18.50%,20.20%,6.60%,,5.603,-1.22,20.069,-2.28%,3315.40%,-5.78%,4.43,0.35,9.86%,1.18%,40.56%,-0.85%,70.79,0.56,"50,463,354",32.76,3.64,"103,566,785",67.24%,0.13%,2.85,5.43%,2.85,5.43%,6021.926532,4,0.31,187.8994847,107336.2975,95.4,5299.4417,461.8882342,5761.329934,35.76542685,219.4803555,$-10.83B,-7.22%,"62,965.70",0.41,"174,185.15",3.01%,1.95%,0.35%,72.86%,0.18%,2.31%,0.38%,"1,390,000",-3.037,-9.02%,"971,984",2.06%,1040.91,1.28%,70.79,0.56%,221.20%,-2.38%,$-10.83B,-7.22%,46.30%,-1.81%,$2.60B,1.74%,,,"131,000,000.00",41.00%,$27,2.30%,21900.00%,-7.59%,38,15.60%,-0.20%,55.30%,0.35%,61.50%,-4.00%,$2.05B,1.11%,"220,950.00",0.00%,350.00%,500.00%,2.00%,10.22%,-0.17%,"7,678,000",0.05%,58.98%
2014,61.09,"155,961,299",1.25,"1,400,000",-2.89,-4.84%,6.99,-0.54,171.23,4.69,171.23,4.69,172.89,$172.89B,"$1,109",6.06,$32.83B,18.99%,$44.13B,25.52,$28.72B,16.61%,17.80%,19.40%,5.90%,,5.592,-0.2,19.727,-1.70%,3189.20%,-3.81%,4.41,-0.02,10.28%,0.42%,39.71%,-0.85%,71.06,0.38,"52,301,622",33.54,3.58,"103,659,677",66.47%,0.09%,2.89,1.48%,2.89,1.48%,12060.76315,10,0.62,458.2224986,260567.3275,94.9,10550.99479,1028.659268,11579.65406,39.34771033,434.5528058,$-11.30B,-6.53%,"66,313.10",0.43,"179,287.15",2.93%,1.32%,-0.63%,73.77%,0.91%,1.97%,-0.34%,"1,395,000",-2.89,-4.84%,,,1053.96,1.25%,71.06,0.38%,218.00%,-1.45%,$-11.30B,-6.53%,44.51%,-1.78%,$2.54B,1.47%,,,"154,000,000.00",47.00%,$30,2.28%,21900.00%,0.00%,37,14.80%,-0.80%,55.67%,0.36%,62.40%,0.90%,$2.36B,1.14%,"220,950.00",0.00%,350.00%,510.00%,1.80%,11.73%,1.51%,"7,669,000",0.05%,58.92%
2015,65.14,"157,830,000",1.2,"1,400,000",-2.743,-5.09%,6.19,-0.8,191.34,6.35,191.34,6.35,195.15,$195.15B,"$1,236",6.55,$33.83B,17.34%,$48.30B,24.75,$32.76B,16.79%,17.00%,18.60%,5.20%,,5.581,-0.2,19.386,-1.73%,3063.10%,-3.95%,4.38,-0.02,10.68%,0.40%,38.87%,-0.84%,71.33,0.38,"54,148,316",34.31,3.47,"103,681,684",65.69%,0.02%,2.56,-11.67%,2.56,-11.67%,12603.76175,8,0.65,205.8670473,114657.2588,94.7,11294.2679,674.8319438,11969.09985,53.95751447,576.7890634,$-14.47B,-7.41%,"73,156.90",0.46,"187,771.30",4.73%,1.23%,-0.09%,,,1.69%,-0.28%,"1,400,000",-2.743,-5.09%,,,1066.58,1.20%,71.33,0.38%,214.80%,-1.47%,$-14.47B,-7.41%,42.09%,-2.43%,$2.83B,1.45%,,,"150,300,003.05",43.00%,$34,2.27%,21200.00%,-3.20%,38,14.80%,0.00%,56.05%,0.38%,74.00%,11.60%,$2.82B,1.21%,"220,950.00",0.00%,340.00%,500.00%,1.80%,12.01%,0.28%,"7,732,240",0.05%,59.40%
2016,72.76,"159,784,568",1.24,"1,420,000",-2.597,-5.32%,5.51,-0.68,225.59,5.4,225.59,5.4,265.22,$265.22B,"$1,660",7.11,$36.92B,13.92%,$46.18B,17.41,$53.97B,20.35%,16.30%,17.80%,4.60%,,5.57,-0.2,19.044,-1.76%,2936.90%,-4.12%,4.35,-0.03,11.05%,0.37%,38.04%,-0.83%,71.61,0.38,"56,057,220",35.08,3.46,"103,727,348",64.92%,0.04%,2.25,-12.09%,2.25,-12.09%,21196.22802,22,1.1,345.3594726,204885.6439,94.4,18893.31568,1375.055958,20268.37164,116.8828669,802.2235513,$-9.26B,-3.49%,"81,128.90",0.51,"195,047.42",3.87%,,,,,,,,-2.597,-5.32%,,,1079.79,1.24%,71.61,0.38%,211.60%,-1.49%,$-9.26B,-3.49%,31.33%,-10.75%,$2.33B,0.88%,,,"214,300,003.05",57.00%,$40,2.39%,19600.00%,-7.55%,35,14.30%,-0.50%,56.44%,0.39%,75.90%,1.90%,$3.24B,1.23%,"220,950.00",0.00%,340.00%,510.00%,1.70%,,,"7,764,210",0.05%,59.65%
2017,72.89,"161,793,964",1.26,"1,440,000",-2.45,-5.66%,5.7,0.19,266.74,5.32,266.74,5.32,293.73,$293.73B,"$1,815",6.59,$37.66B,12.82%,$50.46B,17.18,$58.97B,20.08%,15.50%,17.00%,4.00%,,5.559,-0.2,18.703,-1.79%,2810.80%,-4.29%,4.37,0.02,12.23%,1.18%,40.47%,2.42%,71.88,0.38,"58,016,080",35.86,3.43,"103,777,884",64.14%,0.05%,2.19,-2.40%,2.19,-2.40%,28376.54723,42,1.5,414.4234286,237682.9783,93.9,24034.48576,3336.208926,27370.69468,118.041952,868.7378313,$-12.81B,-4.36%,"87,658.00",0.54,"205,028.63",5.12%,,,,,,,,-2.45,-5.66%,,,1093.37,1.26%,71.88,0.38%,208.40%,-1.51%,$-12.81B,-4.36%,30.00%,-1.33%,$1.81B,0.62%,,,"348,000,000.00",89.00%,$42,2.37%,18300.00%,-6.63%,34,13.60%,-0.70%,56.85%,0.41%,88.00%,12.10%,$3.27B,1.13%,"221,000.00",0.02%,350.00%,530.00%,1.60%,,,"7,757,330",0.05%,59.59%
2018,73.91,"163,683,958",1.17,"1,460,000",-2.303,-6.00%,5.54,-0.16,329.85,7.93,329.85,7.93,321.36,$321.36B,"$1,963",7.32,$40.73B,12.67%,$63.76B,19.84,$66.85B,20.80%,14.50%,16.10%,3.50%,,5.548,-0.2,18.361,-1.83%,2684.60%,-4.49%,4.53,0.16,12.86%,0.63%,40.59%,0.12%,72.15,0.38,"59,960,707",36.63,3.3,"103,723,251",63.37%,-0.05%,2.34,6.67%,2.34,6.67%,19342.87285,25,1,358.6781879,201872.1367,93.6,16614.82318,2059.416455,18674.23964,59.35209792,594.7782112,$-23.03B,-7.17%,"95,944.60",0.59,"214,432.34",4.59%,,,,,,,,-2.303,-6.00%,,,1106.14,1.17%,72.15,0.38%,205.20%,-1.54%,$-23.03B,-7.17%,32.51%,2.51%,$2.42B,0.75%,,,"357,000,000.00",81.00%,$45,2.32%,17200.00%,-6.01%,35,12.70%,-0.90%,57.28%,0.43%,86.90%,-1.10%,$3.65B,1.15%,"227,050.00",2.74%,360.00%,550.00%,1.60%,,,"7,772,300",0.05%,59.71%
2019,74.68,"165,516,222",1.12,"1,480,000",-2.255,-2.08%,5.59,0.05,366.47,7.91,366.47,7.91,351.23,$351.23B,"$2,122",7.88,$45.99B,13.09%,$64.92B,18.48,$74.49B,21.21%,13.60%,15.10%,3.00%,,5.545,-0.05,18.038,-1.76%,2578.80%,-3.94%,4.69,0.16,13.52%,0.66%,40.63%,0.04%,72.43,0.39,"61,911,343",37.41,3.2,"103,604,879",62.60%,-0.11%,,,,,22078.75979,27,1.1,387.977858,226200.0894,93.2,18801.42078,2418.942133,21220.36292,59.78824112,791.0111507,$-18.93B,-5.39%,"92,645.00",0.56,"212,143.15",-1.07%,,,,,,,,-2.255,-2.08%,,,1118.53,1.12%,72.43,0.39%,202.80%,-1.17%,$-18.93B,-5.39%,31.58%,-0.94%,$1.91B,0.54%,,,"391,000,000.00",87.00%,$48,2.26%,15700.00%,-8.72%,35,11.80%,-0.90%,57.72%,0.44%,92.20%,5.30%,$4.35B,1.24%,"227,000.00",-0.02%,370.00%,570.00%,1.70%,,,"7,967,000",0.05%,61.20%
2020,74.91,"167,420,951",1.15,"1,500,000",-2.208,-2.08%,5.69,0.1,385.24,3.52,385.24,3.52,373.98,$373.98B,"$2,234",3.45,$39.05B,10.44%,$59.20B,15.83,$77.03B,20.60%,12.70%,14.00%,2.50%,,5.541,-0.07,17.714,-1.80%,2473.00%,-4.10%,5.83,1.14,16.42%,2.90%,40.05%,-0.58%,72.72,0.39,"63,916,296",38.18,3.19,"103,504,655",61.82%,-0.10%,,,,,21475.16881,64,1.1,459.7643155,265250.3465,92.7,18261.77613,2400.899894,20662.67602,116.7375623,666.3283041,$-20.14B,-5.39%,"85,493.10",0.51,"206,570.35",-2.63%,,,,,,,,-2.208,-2.08%,,,1131.4,1.15%,72.72,0.39%,200.30%,-1.23%,$-20.14B,-5.39%,26.27%,-5.31%,$1.53B,0.41%,,,"217,899,993.90",57.00%,$51,2.27%,12300.00%,-21.66%,34,11.70%,-0.10%,58.18%,0.46%,96.20%,4.00%,$4.65B,1.24%,"227,000.00",0.00%,,,,,,"8,000,000",0.05%,61.46%
2021,76.36,"169,356,251",1.16,"1,520,000",-2.16,-2.17%,5.55,-0.15,435.56,8.07,435.56,8.07,416.27,$416.27B,"$2,458",6.94,$44.39B,10.66%,$71.02B,17.06,$88.40B,21.24%,11.80%,13.00%,2.00%,,5.538,-0.05,17.391,-1.82%,2367.20%,-4.28%,5.82,-0.01,16.62%,0.20%,39.83%,-0.22%,73,0.39,"65,957,486",38.95,3.14,"103,398,765",61.05%,-0.10%,,,,,17587.28023,34,0.91,308.8285089,179162.2411,92.4,14723.90428,2186.627445,16910.53173,134.3322931,525.3462035,$-26.63B,-6.40%,,,,,,,,,,,,-2.16,-2.17%,,,1144.48,1.16%,73,0.39%,197.90%,-1.20%,$-26.63B,-6.40%,27.72%,1.45%,$1.72B,0.41%,,,,,$58,2.36%,,,,11.20%,-0.50%,58.66%,0.48%,99.00%,2.80%,$4.97B,1.20%,,,,,,,,"8,110,000",0.05%,62.30%
2022,74,"171,186,372",1.08,"1,540,000",-2.113,-2.18%,7.7,2.15,483.37,5.8,483.37,5.8,460.13,$460.13B,"$2,688",7.1,$59.28B,12.88%,$96.16B,20.9,$100.15B,21.76%,11.20%,12.50%,1.60%,,5.534,-0.07,17.067,-1.86%,2261.40%,-4.47%,5.25,-0.57,15.94%,-0.68%,39.04%,-0.80%,73.29,0.39,"67,979,820",39.71,3.02,"103,206,552",60.29%,-0.19%,,,,,13798.24828,31,0.71,307.5248962,174182.2545,92,11544.80174,1682.327435,13227.12918,118.474999,443.7754985,$-36.88B,-8.02%,,,,,,,,,,,,-2.113,-2.18%,,,1156.84,1.08%,73.29,0.39%,195.40%,-1.26%,$-36.88B,-8.02%,33.78%,6.06%,$1.63B,0.36%,,,,,,,,,,,,59.13%,0.47%,99.40%,0.40%,$4.81B,1.13%,,,,,,,,,,
2023,76.8,"172,954,319",1.03,"1,560,000",,,9.88,2.19,493.93,5.74,493.93,5.74,437.42,$437.42B,"$2,529",5.78,$57.55B,13.16%,$77.97B,17.83,$97.73B,22.34%,10.40%,11.50%,1.20%,,5.531,-0.05,16.744,-1.89%,2155.60%,-4.68%,5.06,-0.19,15.74%,-0.20%,38.82%,-0.21%,73.57,0.39,"69,999,802",40.47,2.93,"102,954,517",59.53%,-0.24%,,,,,17786.94245,92,0.92,743.015782,444037.5755,91.3,14655.70145,2438.833027,17094.53447,156.2999452,516.4035073,$-20.42B,-4.67%,,,,,,,,,,,,-2.065,-2.27%,,,1168.79,1.03%,73.57,0.39%,193.00%,-1.23%,$-20.42B,-4.67%,30.98%,-,$1.39B,0.32%,,,,,,,,,,,,59.11%,-0.02%,,,,,,,,,,,,,,
,,,,,,,,,,,,,,,,,,,,,,,,,,,,,,,,,,,,,,,,,,,,,,,,,,,,,,,,,,,,,,,,,,,,,,,,,,,,,,,,,,,,,,,,,,,,,,,,,,,,,,,,,,,,,,,,,,,,,
,,,,,,,,,,,,,,,,,,,,,,,,,,,,,,,,,,,,,,,,,,,,,,,,,,,,,,,,,,,,,,,,,,,,,,,,,,,,,,,,,,,,,,,,,,,,,,,,,,,,,,,,,,,,,,,,,,,,,
,,,,,,,,,,,,,,,,,,,,,,,,,,,,,,,,,,,,,,,,,,,,,,,,,,,,,,,,,,,,,,,,,,,,,,,,,,,,,,,,,,,,,,,,,,,,,,,,,,,,,,,,,,,,,,,,,,,,,
,,,,,,,,,,,,,,,,,,,,,,,,,,,,,,,,,,,,,,,,,,,,,,,,,,,,,,,,,,,,,,,,,,,,,,,,,,,,,,,,,,,,,,,,,,,,,,,,,,,,,,,,,,,,,,,,,,,,,
,,,,,,,,,,,,,,,,,,,,,,,,,,,,,,,,,,,,,,,,,,,,,,,,,,,,,,,,,,,,,,,,,,,,,,,,,,,,,,,,,,,,,,,,,,,,,,,,,,,,,,,,,,,,,,,,,,,,,
,,,,,,,,,,,,,,,,,,,,,,,,,,,,,,,,,,,,,,,,,,,,,,,,,,,,,,,,,,,,,,,,,,,,,,,,,,,,,,,,,,,,,,,,,,,,,,,,,,,,,,,,,,,,,,,,,,,,,
,,,,,,,,,,,,,,,,,,,,,,,,,,,,,,,,,,,,,,,,,,,,,,,,,,,,,,,,,,,,,,,,,,,,,,,,,,,,,,,,,,,,,,,,,,,,,,,,,,,,,,,,,,,,,,,,,,,,,
,,,,,,,,,,,,,,,,,,,,,,,,,,,,,,,,,,,,,,,,,,,,,,,,,,,,,,,,,,,,,,,,,,,,,,,,,,,,,,,,,,,,,,,,,,,,,,,,,,,,,,,,,,,,,,,,,,,,,
,,,,,,,,,,,,,,,,,,,,,,,,,,,,,,,,,,,,,,,,,,,,,,,,,,,,,,,,,,,,,,,,,,,,,,,,,,,,,,,,,,,,,,,,,,,,,,,,,,,,,,,,,,,,,,,,,,,,,
,,,,,,,,,,,,,,,,,,,,,,,,,,,,,,,,,,,,,,,,,,,,,,,,,,,,,,,,,,,,,,,,,,,,,,,,,,,,,,,,,,,,,,,,,,,,,,,,,,,,,,,,,,,,,,,,,,,,,
,,,,,,,,,,,,,,,,,,,,,,,,,,,,,,,,,,,,,,,,,,,,,,,,,,,,,,,,,,,,,,,,,,,,,,,,,,,,,,,,,,,,,,,,,,,,,,,,,,,,,,,,,,,,,,,,,,,,,
,,,,,,,,,,,,,,,,,,,,,,,,,,,,,,,,,,,,,,,,,,,,,,,,,,,,,,,,,,,,,,,,,,,,,,,,,,,,,,,,,,,,,,,,,,,,,,,,,,,,,,,,,,,,,,,,,,,,,
,,,,,,,,,,,,,,,,,,,,,,,,,,,,,,,,,,,,,,,,,,,,,,,,,,,,,,,,,,,,,,,,,,,,,,,,,,,,,,,,,,,,,,,,,,,,,,,,,,,,,,,,,,,,,,,,,,,,,
,,,,,,,,,,,,,,,,,,,,,,,,,,,,,,,,,,,,,,,,,,,,,,,,,,,,,,,,,,,,,,,,,,,,,,,,,,,,,,,,,,,,,,,,,,,,,,,,,,,,,,,,,,,,,,,,,,,,,
,,,,,,,,,,,,,,,,,,,,,,,,,,,,,,,,,,,,,,,,,,,,,,,,,,,,,,,,,,,,,,,,,,,,,,,,,,,,,,,,,,,,,,,,,,,,,,,,,,,,,,,,,,,,,,,,,,,,,
,,,,,,,,,,,,,,,,,,,,,,,,,,,,,,,,,,,,,,,,,,,,,,,,,,,,,,,,,,,,,,,,,,,,,,,,,,,,,,,,,,,,,,,,,,,,,,,,,,,,,,,,,,,,,,,,,,,,,
,,,,,,,,,,,,,,,,,,,,,,,,,,,,,,,,,,,,,,,,,,,,,,,,,,,,,,,,,,,,,,,,,,,,,,,,,,,,,,,,,,,,,,,,,,,,,,,,,,,,,,,,,,,,,,,,,,,,,
,,,,,,,,,,,,,,,,,,,,,,,,,,,,,,,,,,,,,,,,,,,,,,,,,,,,,,,,,,,,,,,,,,,,,,,,,,,,,,,,,,,,,,,,,,,,,,,,,,,,,,,,,,,,,,,,,,,,,
,,,,,,,,,,,,,,,,,,,,,,,,,,,,,,,,,,,,,,,,,,,,,,,,,,,,,,,,,,,,,,,,,,,,,,,,,,,,,,,,,,,,,,,,,,,,,,,,,,,,,,,,,,,,,,,,,,,,,
,,,,,,,,,,,,,,,,,,,,,,,,,,,,,,,,,,,,,,,,,,,,,,,,,,,,,,,,,,,,,,,,,,,,,,,,,,,,,,,,,,,,,,,,,,,,,,,,,,,,,,,,,,,,,,,,,,,,,
,,,,,,,,,,,,,,,,,,,,,,,,,,,,,,,,,,,,,,,,,,,,,,,,,,,,,,,,,,,,,,,,,,,,,,,,,,,,,,,,,,,,,,,,,,,,,,,,,,,,,,,,,,,,,,,,,,,,,
,,,,,,,,,,,,,,,,,,,,,,,,,,,,,,,,,,,,,,,,,,,,,,,,,,,,,,,,,,,,,,,,,,,,,,,,,,,,,,,,,,,,,,,,,,,,,,,,,,,,,,,,,,,,,,,,,,,,,
,,,,,,,,,,,,,,,,,,,,,,,,,,,,,,,,,,,,,,,,,,,,,,,,,,,,,,,,,,,,,,,,,,,,,,,,,,,,,,,,,,,,,,,,,,,,,,,,,,,,,,,,,,,,,,,,,,,,,
,,,,,,,,,,,,,,,,,,,,,,,,,,,,,,,,,,,,,,,,,,,,,,,,,,,,,,,,,,,,,,,,,,,,,,,,,,,,,,,,,,,,,,,,,,,,,,,,,,,,,,,,,,,,,,,,,,,,,
,,,,,,,,,,,,,,,,,,,,,,,,,,,,,,,,,,,,,,,,,,,,,,,,,,,,,,,,,,,,,,,,,,,,,,,,,,,,,,,,,,,,,,,,,,,,,,,,,,,,,,,,,,,,,,,,,,,,,
,,,,,,,,,,,,,,,,,,,,,,,,,,,,,,,,,,,,,,,,,,,,,,,,,,,,,,,,,,,,,,,,,,,,,,,,,,,,,,,,,,,,,,,,,,,,,,,,,,,,,,,,,,,,,,,,,,,,,
,,,,,,,,,,,,,,,,,,,,,,,,,,,,,,,,,,,,,,,,,,,,,,,,,,,,,,,,,,,,,,,,,,,,,,,,,,,,,,,,,,,,,,,,,,,,,,,,,,,,,,,,,,,,,,,,,,,,,
,,,,,,,,,,,,,,,,,,,,,,,,,,,,,,,,,,,,,,,,,,,,,,,,,,,,,,,,,,,,,,,,,,,,,,,,,,,,,,,,,,,,,,,,,,,,,,,,,,,,,,,,,,,,,,,,,,,,,
,,,,,,,,,,,,,,,,,,,,,,,,,,,,,,,,,,,,,,,,,,,,,,,,,,,,,,,,,,,,,,,,,,,,,,,,,,,,,,,,,,,,,,,,,,,,,,,,,,,,,,,,,,,,,,,,,,,,,
,,,,,,,,,,,,,,,,,,,,,,,,,,,,,,,,,,,,,,,,,,,,,,,,,,,,,,,,,,,,,,,,,,,,,,,,,,,,,,,,,,,,,,,,,,,,,,,,,,,,,,,,,,,,,,,,,,,,,
,,,,,,,,,,,,,,,,,,,,,,,,,,,,,,,,,,,,,,,,,,,,,,,,,,,,,,,,,,,,,,,,,,,,,,,,,,,,,,,,,,,,,,,,,,,,,,,,,,,,,,,,,,,,,,,,,,,,,
,,,,,,,,,,,,,,,,,,,,,,,,,,,,,,,,,,,,,,,,,,,,,,,,,,,,,,,,,,,,,,,,,,,,,,,,,,,,,,,,,,,,,,,,,,,,,,,,,,,,,,,,,,,,,,,,,,,,,
,,,,,,,,,,,,,,,,,,,,,,,,,,,,,,,,,,,,,,,,,,,,,,,,,,,,,,,,,,,,,,,,,,,,,,,,,,,,,,,,,,,,,,,,,,,,,,,,,,,,,,,,,,,,,,,,,,,,,
,,,,,,,,,,,,,,,,,,,,,,,,,,,,,,,,,,,,,,,,,,,,,,,,,,,,,,,,,,,,,,,,,,,,,,,,,,,,,,,,,,,,,,,,,,,,,,,,,,,,,,,,,,,,,,,,,,,,,
,,,,,,,,,,,,,,,,,,,,,,,,,,,,,,,,,,,,,,,,,,,,,,,,,,,,,,,,,,,,,,,,,,,,,,,,,,,,,,,,,,,,,,,,,,,,,,,,,,,,,,,,,,,,,,,,,,,,,
,,,,,,,,,,,,,,,,,,,,,,,,,,,,,,,,,,,,,,,,,,,,,,,,,,,,,,,,,,,,,,,,,,,,,,,,,,,,,,,,,,,,,,,,,,,,,,,,,,,,,,,,,,,,,,,,,,,,,
,,,,,,,,,,,,,,,,,,,,,,,,,,,,,,,,,,,,,,,,,,,,,,,,,,,,,,,,,,,,,,,,,,,,,,,,,,,,,,,,,,,,,,,,,,,,,,,,,,,,,,,,,,,,,,,,,,,,,
,,,,,,,,,,,,,,,,,,,,,,,,,,,,,,,,,,,,,,,,,,,,,,,,,,,,,,,,,,,,,,,,,,,,,,,,,,,,,,,,,,,,,,,,,,,,,,,,,,,,,,,,,,,,,,,,,,,,,
,,,,,,,,,,,,,,,,,,,,,,,,,,,,,,,,,,,,,,,,,,,,,,,,,,,,,,,,,,,,,,,,,,,,,,,,,,,,,,,,,,,,,,,,,,,,,,,,,,,,,,,,,,,,,,,,,,,,,
,,,,,,,,,,,,,,,,,,,,,,,,,,,,,,,,,,,,,,,,,,,,,,,,,,,,,,,,,,,,,,,,,,,,,,,,,,,,,,,,,,,,,,,,,,,,,,,,,,,,,,,,,,,,,,,,,,,,,
,,,,,,,,,,,,,,,,,,,,,,,,,,,,,,,,,,,,,,,,,,,,,,,,,,,,,,,,,,,,,,,,,,,,,,,,,,,,,,,,,,,,,,,,,,,,,,,,,,,,,,,,,,,,,,,,,,,,,
,,,,,,,,,,,,,,,,,,,,,,,,,,,,,,,,,,,,,,,,,,,,,,,,,,,,,,,,,,,,,,,,,,,,,,,,,,,,,,,,,,,,,,,,,,,,,,,,,,,,,,,,,,,,,,,,,,,,,
,,,,,,,,,,,,,,,,,,,,,,,,,,,,,,,,,,,,,,,,,,,,,,,,,,,,,,,,,,,,,,,,,,,,,,,,,,,,,,,,,,,,,,,,,,,,,,,,,,,,,,,,,,,,,,,,,,,,,
,,,,,,,,,,,,,,,,,,,,,,,,,,,,,,,,,,,,,,,,,,,,,,,,,,,,,,,,,,,,,,,,,,,,,,,,,,,,,,,,,,,,,,,,,,,,,,,,,,,,,,,,,,,,,,,,,,,,,
,,,,,,,,,,,,,,,,,,,,,,,,,,,,,,,,,,,,,,,,,,,,,,,,,,,,,,,,,,,,,,,,,,,,,,,,,,,,,,,,,,,,,,,,,,,,,,,,,,,,,,,,,,,,,,,,,,,,,
,,,,,,,,,,,,,,,,,,,,,,,,,,,,,,,,,,,,,,,,,,,,,,,,,,,,,,,,,,,,,,,,,,Year,,,,,,,,,,,,,,,,,,,,,,,,,,,,,,,,,,,,,,,,,,,,,,,,,,,
,,,,,,,,,,,,,,,,,,,,,,,,,,,,,,,,,,,,,,,,,,,,,,,,,,,,,,,,,,,,,,,,,,2005,,,,,,,,,,,,,,,,,,,,,,,,,,,,,,,,,,,,,,,,,,,,,,,,,,,
,,,,,,,,,,,,,,,,,,,,,,,,,,,,,,,,,,,,,,,,,,,,,,,,,,,,,,,,,,,,,,,,,,2006,,,,,,,,,,,,,,,,,,,,,,,,,,,,,,,,,,,,,,,,,,,,,,,,,,,
,,,,,,,,,,,,,,,,,,,,,,,,,,,,,,,,,,,,,,,,,,,,,,,,,,,,,,,,,,,,,,,,,,2007,,,,,,,,,,,,,,,,,,,,,,,,,,,,,,,,,,,,,,,,,,,,,,,,,,,
,,,,,,,,,,,,,,,,,,,,,,,,,,,,,,,,,,,,,,,,,,,,,,,,,,,,,,,,,,,,,,,,,,2008,,,,,,,,,,,,,,,,,,,,,,,,,,,,,,,,,,,,,,,,,,,,,,,,,,,
,,,,,,,,,,,,,,,,,,,,,,,,,,,,,,,,,,,,,,,,,,,,,,,,,,,,,,,,,,,,,,,,,,2009,,,,,,,,,,,,,,,,,,,,,,,,,,,,,,,,,,,,,,,,,,,,,,,,,,,
,,,,,,,,,,,,,,,,,,,,,,,,,,,,,,,,,,,,,,,,,,,,,,,,,,,,,,,,,,,,,,,,,,2010,,,,,,,,,,,,,,,,,,,,,,,,,,,,,,,,,,,,,,,,,,,,,,,,,,,
,,,,,,,,,,,,,,,,,,,,,,,,,,,,,,,,,,,,,,,,,,,,,,,,,,,,,,,,,,,,,,,,,,2011,,,,,,,,,,,,,,,,,,,,,,,,,,,,,,,,,,,,,,,,,,,,,,,,,,,
,,,,,,,,,,,,,,,,,,,,,,,,,,,,,,,,,,,,,,,,,,,,,,,,,,,,,,,,,,,,,,,,,,2012,,,,,,,,,,,,,,,,,,,,,,,,,,,,,,,,,,,,,,,,,,,,,,,,,,,
,,,,,,,,,,,,,,,,,,,,,,,,,,,,,,,,,,,,,,,,,,,,,,,,,,,,,,,,,,,,,,,,,,2013,,,,,,,,,,,,,,,,,,,,,,,,,,,,,,,,,,,,,,,,,,,,,,,,,,,
,,,,,,,,,,,,,,,,,,,,,,,,,,,,,,,,,,,,,,,,,,,,,,,,,,,,,,,,,,,,,,,,,,2014,,,,,,,,,,,,,,,,,,,,,,,,,,,,,,,,,,,,,,,,,,,,,,,,,,,
,,,,,,,,,,,,,,,,,,,,,,,,,,,,,,,,,,,,,,,,,,,,,,,,,,,,,,,,,,,,,,,,,,2015,,,,,,,,,,,,,,,,,,,,,,,,,,,,,,,,,,,,,,,,,,,,,,,,,,,